host,time,pid,path,name,extension,size,action,attribution,sha256
LAB-WS-01,2026-09-28T02:01:00.000000Z,1000,C:\Users\alice\Downloads\report-0.pdf,report-0.pdf,pdf,120000,create,event,43ccedc4a362858d8aa274f18c63d1304df5fb63414f8f7ba7e5b86170225acc
LAB-WS-01,2026-09-28T02:18:00.000000Z,1001,C:\Users\alice\Downloads\report-1.pdf,report-1.pdf,pdf,120001,create,event,11f1129b9f3d5de1d86df24a3e90d4b8b980090075b0f15bf5872d4cc1933050
LAB-WS-01,2026-09-28T02:35:00.000000Z,1002,C:\Users\alice\Downloads\report-2.pdf,report-2.pdf,pdf,120002,create,event,46675b3a1cae6d52155268f21001e997d1eeda3df57544d6500b2e4ed9ee593b
LAB-WS-01,2026-09-28T02:52:00.000000Z,1003,C:\Users\alice\Downloads\report-3.pdf,report-3.pdf,pdf,120003,create,event,b09b81719478eb4e45db061428b109f457fe75651771b616887d044dc096b29e
LAB-WS-01,2026-09-28T03:09:00.000000Z,1004,C:\Users\alice\Downloads\report-4.pdf,report-4.pdf,pdf,120004,create,event,4f364b846dac64ac1986270990614250bb21951d0b9c7a25c21fc29c1b1ed068
LAB-WS-01,2026-09-28T03:26:00.000000Z,1005,C:\Users\alice\Downloads\report-5.pdf,report-5.pdf,pdf,120005,create,event,870fc4b4815910004ef51b7e53872bc13db7dd7eda4decdb81b3451bb88bf7f8
LAB-WS-01,2026-09-28T03:43:00.000000Z,1006,C:\Users\alice\Downloads\report-6.pdf,report-6.pdf,pdf,120006,create,event,235caf070b6e4f3fa3c9553f7d41fea63c4a7d331150cb79929445a672c2f3f1
LAB-WS-01,2026-09-28T04:00:00.000000Z,1007,C:\Users\alice\Downloads\report-7.pdf,report-7.pdf,pdf,120007,create,event,7447c7e58fc8f6ee8fba6102737829a9bad73f59b20088b7f8238b6a3a65d922
LAB-WS-01,2026-09-28T04:17:00.000000Z,1008,C:\Users\alice\Downloads\report-8.pdf,report-8.pdf,pdf,120008,create,event,9ed7ab1b61a77d944cb1f3dd402fe2b70710adf53d1201ac9863f59f974db4c0
LAB-WS-01,2026-09-28T04:34:00.000000Z,1009,C:\Users\alice\Downloads\report-9.pdf,report-9.pdf,pdf,120009,create,event,a67d2f1c0bef91eb061264673ca4140562ba02d55f5fbf0ef3905231bff470b4
LAB-WS-01,2026-09-28T04:51:00.000000Z,1010,C:\Users\alice\Downloads\report-10.pdf,report-10.pdf,pdf,120010,create,event,fd18a5b5e1bd5cd28713bf9d473ac8fead07b523a65c4b64f727c691a90c5e64
LAB-WS-01,2026-09-28T05:08:00.000000Z,1011,C:\Users\alice\Downloads\report-11.pdf,report-11.pdf,pdf,120011,create,event,15801eca7d76c862399279cfe7d342d2b2e3c1befdf1ef3914cc525c402dfe85
LAB-WS-02,2026-09-28T02:01:00.000000Z,1100,C:\Users\alice\Downloads\report-0.pdf,report-0.pdf,pdf,120000,create,event,8b83e11822707f42e8186f346cbe9fe530d3e62c739b87b7d65a18fba90cddef
LAB-WS-02,2026-09-28T02:18:00.000000Z,1101,C:\Users\alice\Downloads\report-1.pdf,report-1.pdf,pdf,120001,create,event,f4b49daa9323646053ecdc520a19ce33b77061b45514c19dcb8bfa34976eabef
LAB-WS-02,2026-09-28T02:35:00.000000Z,1102,C:\Users\alice\Downloads\report-2.pdf,report-2.pdf,pdf,120002,create,event,8a1dc48ed89eeae8fcaa32ccaf520ec287e8f47fcb343979904ba35a84e97ab5
LAB-WS-02,2026-09-28T02:52:00.000000Z,1103,C:\Users\alice\Downloads\report-3.pdf,report-3.pdf,pdf,120003,create,event,6a76d72943c39b35683eeb5b98a0cb44b4735413e224f83328650ce8d8c3b2b5
LAB-WS-02,2026-09-28T03:09:00.000000Z,1104,C:\Users\alice\Downloads\report-4.pdf,report-4.pdf,pdf,120004,create,event,43e91f93f10d9317d133bf577d9ab21883a73359f72c4665381ffaac27dd42aa
LAB-WS-02,2026-09-28T03:26:00.000000Z,1105,C:\Users\alice\Downloads\report-5.pdf,report-5.pdf,pdf,120005,create,event,581f84b50d3d712b0e4cea46392dc4821303259cbaa7a3ca4fac87b89b0085d6
LAB-WS-02,2026-09-28T03:43:00.000000Z,1106,C:\Users\alice\Downloads\report-6.pdf,report-6.pdf,pdf,120006,create,event,307dbcb5f459df29ff2a52fac34c89232257d9403c235ccf073fe40cd66be623
LAB-WS-02,2026-09-28T04:00:00.000000Z,1107,C:\Users\alice\Downloads\report-7.pdf,report-7.pdf,pdf,120007,create,event,3537ad3a6a7037eada86a09973ddbf4b9405de5c9659024b9cfef528f6b59941
LAB-WS-02,2026-09-28T04:17:00.000000Z,1108,C:\Users\alice\Downloads\report-8.pdf,report-8.pdf,pdf,120008,create,event,82c5a7b8afc84990c40d7129fb89b196fa47a41eb55fc95da7450bd29b1ad403
LAB-WS-02,2026-09-28T04:34:00.000000Z,1109,C:\Users\alice\Downloads\report-9.pdf,report-9.pdf,pdf,120009,create,event,79a9a7d2b633c0127493a77770aeae7fab404b84769252636d2623189a2bf7ec
LAB-WS-02,2026-09-28T04:51:00.000000Z,1110,C:\Users\alice\Downloads\report-10.pdf,report-10.pdf,pdf,120010,create,event,ffd700539d024bad0b882ee6f9841600fd4d613c5b425ae78b9877ad8538b800
LAB-WS-02,2026-09-28T05:08:00.000000Z,1111,C:\Users\alice\Downloads\report-11.pdf,report-11.pdf,pdf,120011,create,event,7358e7bba250d67ed34527cd8eafa5f5c5b07950f1df2d91027bc178e016dc9e
LAB-SRV-01,2026-09-28T02:01:00.000000Z,1200,/var/lib/app/shard-0.db,shard-0.db,db,4096,create,event,9b3b71c4a3bb88fb465b3040ce80eb92f1d39148070d0b57bf1661c7e66a2115
LAB-SRV-01,2026-09-28T02:18:00.000000Z,1201,/var/lib/app/shard-1.db,shard-1.db,db,8192,create,event,c0463fa7e19a0610eeed26d9cb64f63477a34fedbee3605c138e6af43f196119
LAB-SRV-01,2026-09-28T02:35:00.000000Z,1202,/var/lib/app/shard-2.db,shard-2.db,db,12288,create,event,d37d98d416821b3e490280f4c3cef04df78d4c3c9890d76b5632cc1219c2b3d3
LAB-SRV-01,2026-09-28T02:52:00.000000Z,1203,/var/lib/app/shard-3.db,shard-3.db,db,16384,create,event,35f62618a6542ac0f002d8842eaadb8302637cabf5691ce415688c3b3d9ce875
LAB-SRV-01,2026-09-28T03:09:00.000000Z,1204,/var/lib/app/shard-4.db,shard-4.db,db,20480,create,event,6fc559dd6110860f6c7c700429190e8b4f7f49f5dd4fa41db6dd38c7cc1229d9
LAB-SRV-01,2026-09-28T03:26:00.000000Z,1205,/var/lib/app/shard-5.db,shard-5.db,db,24576,create,event,09827cafa7a5171ce4070dc203b35677ef19128716ec6e427c87c11917ff9285
LAB-SRV-01,2026-09-28T03:43:00.000000Z,1206,/var/lib/app/shard-6.db,shard-6.db,db,28672,create,event,2106dd3fb45f5e175dfb0c6ea902eaa7b66180e3db43396fac632ea07a41ee06
LAB-SRV-01,2026-09-28T04:00:00.000000Z,1207,/var/lib/app/shard-7.db,shard-7.db,db,32768,create,event,d9876ea28be67c2cd080a554395a364544e9eedb91ad4353c678d8ccc9bf5513
LAB-SRV-01,2026-09-28T04:17:00.000000Z,1208,/var/lib/app/shard-8.db,shard-8.db,db,36864,create,event,fbdc9b7e46b45c2858afbdabdff8f6622169b27c18214c2c4b8bb6abea04e1ab
LAB-SRV-01,2026-09-28T04:34:00.000000Z,1209,/var/lib/app/shard-9.db,shard-9.db,db,40960,create,event,d7572e0dbe34db0550ae976d2cb0e1e0b0ebdca476dc6f57eea49a12a789268a
LAB-SRV-01,2026-09-28T04:51:00.000000Z,1210,/var/lib/app/shard-10.db,shard-10.db,db,45056,create,event,84b53a4bfcd913b818a2d42bf65e8062fc43cfd939beaa81982a72cf62fa9aa3
LAB-SRV-01,2026-09-28T05:08:00.000000Z,1211,/var/lib/app/shard-11.db,shard-11.db,db,49152,create,event,558b3f6ea2db0ec7410e43edcdbbc50accafc1fc0b9a513e2c3894f06449dbb1
LAB-WS-01,2026-09-28T09:02:00.000000Z,4242,C:\Users\alice\AppData\Local\Temp\stage2.ps1,stage2.ps1,ps1,18432,create,event,c8c09ba57dac6e16a267e52783465c7c345e9bef7241e551489bc55c4d5b9ed5
LAB-SRV-01,2026-09-28T10:04:00.000000Z,777,/tmp/.cache/update.sh,update.sh,sh,2048,create,event,595a976757907a6038977a7bd597206759bc9f997e600e0c70c72ee8b0cf1762
LAB-WS-02,2026-09-28T06:01:00.000000Z,5100,C:\ProgramData\sync\state.json,state.json,json,512,create,event,04e036009bddb164ec0a9d41704154be4d4aedf03a2c8fa02d596a55ac0db65a
LAB-WS-02,2026-09-28T06:31:00.000000Z,5300,C:\Users\bob\AppData\Local\Temp\job.tmp,job.tmp,tmp,64,create,event,61c34ff20bf7b431e624196e72597a13f925214ef0186f15b312082d7d0aa312
LAB-WS-01,2026-09-27T06:02:00.000000Z,3000,C:\Users\alice\AppData\Local\Temp\old.ps1,old.ps1,ps1,100,create,event,9c1dc3e645e3b7b52cdc978016f2a445a8f36b4a9d72b1308ec89bd63e4bf70a
LAB-SRV-01,2026-09-28T10:25:00.000000Z,900,/tmp/check.out,check.out,out,10,create,event,a9ac0b077ff9f63750bb819f6285a6a40bbf03335023d583ce7d8931d0fdcbdd
LAB-WS-02,2026-09-28T09:01:00.000000Z,4242,C:\Users\bob\Downloads\x.zip,x.zip,zip,999,create,event,6675e465a5e3b28ab64ac41f2356889203e94b2dc8b056814482732a6cfc8b0d
